{
    "training": {
        "epochs_completed": 1,
        "final_accuracy": 0.5709999799728394,
        "final_loss": 0.6825851202011108
    },
    "validation": {
        "final_accuracy": 0.6443221569061279,
        "final_loss": 0.6366435289382935
    },
    "testing": {
        "accuracy": 0.6200000047683716,
        "loss": 0.6545681357383728
    },
    "parameters": {
        "img_height": 150,
        "img_width": 150,
        "batch_size": 32,
        "learning_rate": 0.001,
        "max_epochs": 1
    }
}