{
    "training": {
        "epochs_completed": 10,
        "final_accuracy": 0.7938125133514404,
        "final_loss": 0.44136282801628113
    },
    "validation": {
        "final_accuracy": 0.8086543083190918,
        "final_loss": 0.4223869740962982
    },
    "testing": {
        "accuracy": 0.8375999927520752,
        "loss": 0.37535393238067627
    },
    "parameters": {
        "img_height": 150,
        "img_width": 150,
        "batch_size": 32,
        "learning_rate": 0.001,
        "max_epochs": 10
    }
}