{
    "training": {
        "epochs_completed": 1,
        "final_accuracy": 0.5429999828338623,
        "final_loss": 0.6959776878356934
    },
    "validation": {
        "final_accuracy": 0.5660330057144165,
        "final_loss": 0.6824668049812317
    },
    "testing": {
        "accuracy": 0.5651999711990356,
        "loss": 0.6821162104606628
    },
    "parameters": {
        "img_height": 150,
        "img_width": 150,
        "batch_size": 32,
        "learning_rate": 0.001,
        "max_epochs": 1
    }
}