{
    "training": {
        "epochs_completed": 10,
        "final_accuracy": 0.792187511920929,
        "final_loss": 0.4459313154220581
    },
    "validation": {
        "final_accuracy": 0.8041520714759827,
        "final_loss": 0.43716880679130554
    },
    "testing": {
        "accuracy": 0.8330000042915344,
        "loss": 0.377597451210022
    },
    "parameters": {
        "img_height": 150,
        "img_width": 150,
        "batch_size": 32,
        "learning_rate": 0.001,
        "max_epochs": 10
    }
}