{
    "training": {
        "epochs_completed": 1,
        "final_accuracy": 0.5713124871253967,
        "final_loss": 0.6742475628852844
    },
    "validation": {
        "final_accuracy": 0.6495748162269592,
        "final_loss": 0.6137142777442932
    },
    "testing": {
        "accuracy": 0.6582000255584717,
        "loss": 0.6045479774475098
    },
    "parameters": {
        "img_height": 150,
        "img_width": 150,
        "batch_size": 32,
        "learning_rate": 0.001,
        "max_epochs": 1
    }
}